Keithley (V),Keithley (A)
14.999770,178.477100E-12
15.499120,138.541400E-12
15.998090,212.519000E-12
